{"r2": 0.5609095590074168, "mae": 33.97514426058321, "feature_importance": {"_type": "image-file", "sha256": "13eaefb0109f058b3a49f661c6d9f9373eede77f56e4d32f0bd5b140d11a72ad", "size": 33431, "path": "media/images/feature_importance_0_13eaefb0109f058b3a49.png", "format": "png", "width": 1000, "height": 1000}, "_timestamp": 1712165767.53112, "_runtime": 20.929444074630737, "_step": 0, "_wandb": {"runtime": 20}}