{"r2": 0.5607495662104476, "mae": 33.90922713124011, "feature_importance": {"_type": "image-file", "sha256": "a5191a9a9b15cc4bf5a82c2dacc75c11b9a39fd30c8f83c5ee79e54450da9de3", "size": 33968, "path": "media/images/feature_importance_0_a5191a9a9b15cc4bf5a8.png", "format": "png", "width": 1000, "height": 1000}, "_timestamp": 1712160678.986358, "_runtime": 26.37878394126892, "_step": 0, "_wandb": {"runtime": 25}}