{"r2": 0.555130570786211, "mae": 34.11885212967592, "feature_importance": {"_type": "image-file", "sha256": "0847e3f1c19bfbe02b1e34e73433fb9c0e14f107be1002cc56bb7353bcf4670b", "size": 33444, "path": "media/images/feature_importance_0_0847e3f1c19bfbe02b1e.png", "format": "png", "width": 1000, "height": 1000}, "_timestamp": 1712160410.731234, "_runtime": 20.40619707107544, "_step": 0, "_wandb": {"runtime": 19}}