{"r2": 0.5617417121217091, "mae": 33.88205122250545, "feature_importance": {"_type": "image-file", "sha256": "7eaef8bc2c68a97bbe26fc0100cfefe0392999280e4bce99734543897cd0054f", "size": 33967, "path": "media/images/feature_importance_0_7eaef8bc2c68a97bbe26.png", "format": "png", "width": 1000, "height": 1000}, "_timestamp": 1712160734.096564, "_runtime": 42.49041414260864, "_step": 0, "_wandb": {"runtime": 41}}