{"r2": 0.5610568923285204, "mae": 33.882003236559925, "feature_importance": {"_type": "image-file", "sha256": "7254f931c90f815a9af0f516b3f47d353e5ec58b3f2c4e163edd77c9ba6898bf", "size": 33964, "path": "media/images/feature_importance_0_7254f931c90f815a9af0.png", "format": "png", "width": 1000, "height": 1000}, "_timestamp": 1712160640.810669, "_runtime": 19.55319595336914, "_step": 0, "_wandb": {"runtime": 18}}