{"r2": 0.5561356204193222, "mae": 34.067137631980174, "feature_importance": {"_type": "image-file", "sha256": "06b58946b8342d84d020815918553ba2beea45ecfb6edd6352ba7f4dc349d287", "size": 33445, "path": "media/images/feature_importance_0_06b58946b8342d84d020.png", "format": "png", "width": 1000, "height": 1000}, "_timestamp": 1712160445.7780218, "_runtime": 17.813926696777344, "_step": 0, "_wandb": {"runtime": 16}}