{"r2": 0.5570953226635409, "mae": 34.0349224133825, "feature_importance": {"_type": "image-file", "sha256": "963ce7b96840ead61dc0dd3ad297487b5bcd6c6bb6653c32083f5880e5e88d4f", "size": 33439, "path": "media/images/feature_importance_0_963ce7b96840ead61dc0.png", "format": "png", "width": 1000, "height": 1000}, "_timestamp": 1712160478.9267619, "_runtime": 21.826767921447754, "_step": 0, "_wandb": {"runtime": 21}}